{"cameraMode":{"drawMode":0,"name":"Shaded","section":"Shading Mode"},"sceneLighting":false,"audioPlay":false,"sceneViewState":{"m_AlwaysRefresh":false,"showFog":true,"showSkybox":true,"showFlares":true,"showImageEffects":true,"showParticleSystems":true,"showVisualEffectGraphs":true,"m_FxEnabled":true},"in2DMode":false,"pivot":{"x":0.001430511474609375,"y":0.861930251121521,"z":0.007373511791229248},"rotation":{"x":-0.13346192240715028,"y":0.8369479775428772,"z":-0.23461666703224183,"w":-0.4760962724685669},"size":1.048652172088623,"orthographic":false}