{"cameraMode":{"drawMode":0,"name":"Shaded","section":"Shading Mode"},"sceneLighting":false,"audioPlay":false,"sceneViewState":{"m_AlwaysRefresh":false,"showFog":true,"showSkybox":true,"showFlares":true,"showImageEffects":true,"showParticleSystems":true,"showVisualEffectGraphs":true,"m_FxEnabled":true},"in2DMode":false,"pivot":{"x":415.10516357421877,"y":225.312744140625,"z":-76.16739654541016},"rotation":{"x":-0.06277540326118469,"y":-0.12483134120702744,"z":0.007928410544991494,"w":-0.9902365207672119},"size":1003.0040283203125,"orthographic":false}