{"cameraMode":{"drawMode":0,"name":"Shaded","section":"Shading Mode"},"sceneLighting":false,"audioPlay":false,"sceneViewState":{"m_AlwaysRefresh":false,"showFog":true,"showSkybox":true,"showFlares":true,"showImageEffects":true,"showParticleSystems":true,"showVisualEffectGraphs":true,"m_FxEnabled":true},"in2DMode":false,"pivot":{"x":0.001430511474609375,"y":0.861930251121521,"z":0.007373511791229248},"rotation":{"x":-0.03518141433596611,"y":0.7996995449066162,"z":-0.04708419367671013,"w":-0.5975266695022583},"size":2.3202807903289797,"orthographic":false}